-- phpMyAdmin SQL Dump
-- version 4.8.5
-- https://www.phpmyadmin.net/
--
-- Host: 127.0.0.1
-- Waktu pembuatan: 24 Agu 2019 pada 17.41
-- Versi server: 10.1.38-MariaDB
-- Versi PHP: 5.6.40

SET SQL_MODE = "NO_AUTO_VALUE_ON_ZERO";
SET AUTOCOMMIT = 0;
START TRANSACTION;
SET time_zone = "+00:00";


/*!40101 SET @OLD_CHARACTER_SET_CLIENT=@@CHARACTER_SET_CLIENT */;
/*!40101 SET @OLD_CHARACTER_SET_RESULTS=@@CHARACTER_SET_RESULTS */;
/*!40101 SET @OLD_COLLATION_CONNECTION=@@COLLATION_CONNECTION */;
/*!40101 SET NAMES utf8mb4 */;

--
-- Database: `data_geprek1`
--

-- --------------------------------------------------------

--
-- Struktur dari tabel `migrations`
--

CREATE TABLE `migrations` (
  `id` int(10) UNSIGNED NOT NULL,
  `migration` varchar(191) COLLATE utf8mb4_unicode_ci NOT NULL,
  `batch` int(11) NOT NULL
) ENGINE=InnoDB DEFAULT CHARSET=utf8mb4 COLLATE=utf8mb4_unicode_ci;

--
-- Dumping data untuk tabel `migrations`
--

INSERT INTO `migrations` (`id`, `migration`, `batch`) VALUES
(1, '2014_10_12_000000_create_users_table', 1),
(2, '2014_10_12_100000_create_password_resets_table', 1);

-- --------------------------------------------------------

--
-- Struktur dari tabel `password_resets`
--

CREATE TABLE `password_resets` (
  `email` varchar(191) COLLATE utf8mb4_unicode_ci NOT NULL,
  `token` varchar(191) COLLATE utf8mb4_unicode_ci NOT NULL,
  `created_at` timestamp NULL DEFAULT NULL
) ENGINE=InnoDB DEFAULT CHARSET=utf8mb4 COLLATE=utf8mb4_unicode_ci;

-- --------------------------------------------------------

--
-- Struktur dari tabel `presensis`
--

CREATE TABLE `presensis` (
  `id` int(10) UNSIGNED NOT NULL,
  `user_id` int(10) UNSIGNED DEFAULT NULL,
  `status` varchar(191) COLLATE utf8mb4_unicode_ci NOT NULL,
  `foto` varchar(255) COLLATE utf8mb4_unicode_ci DEFAULT NULL,
  `created_at` timestamp NULL DEFAULT NULL,
  `updated_at` timestamp NULL DEFAULT NULL
) ENGINE=InnoDB DEFAULT CHARSET=utf8mb4 COLLATE=utf8mb4_unicode_ci;

--
-- Dumping data untuk tabel `presensis`
--

INSERT INTO `presensis` (`id`, `user_id`, `status`, `foto`, `created_at`, `updated_at`) VALUES
(10, 10, 'Tidak Hadir', NULL, '2019-08-02 12:37:59', '2019-08-03 07:16:41'),
(12, 12, 'Tidak Hadir', NULL, '2019-08-08 12:37:59', '2019-08-03 07:19:25'),
(14, 7, 'hadir', NULL, '2019-08-04 07:30:02', '2019-08-04 07:30:02'),
(15, 7, 'hadir', NULL, '2019-08-04 07:30:08', '2019-08-04 07:30:08'),
(16, 7, 'hadir', NULL, '2019-08-04 07:33:01', '2019-08-04 07:33:01'),
(17, 8, 'hadir', NULL, '2019-08-04 07:49:20', '2019-08-04 07:49:20'),
(18, 8, 'hadir', NULL, '2019-08-05 03:12:49', '2019-08-05 03:12:49'),
(19, 8, 'hadir', NULL, '2019-08-05 03:13:30', '2019-08-05 03:13:30'),
(20, 8, 'hadir', NULL, '2019-08-05 03:13:42', '2019-08-05 03:13:42'),
(23, 12, 'Tidak Hadir', NULL, '2019-08-06 17:00:00', '2019-08-07 07:33:03'),
(26, 14, 'hadir', NULL, '2019-08-07 08:06:47', '2019-08-07 08:06:47'),
(27, 14, 'hadir', NULL, '2019-08-07 22:47:34', '2019-08-07 22:47:34'),
(34, 7, 'hadir', NULL, '2019-08-16 07:57:31', '2019-08-16 07:57:31'),
(35, 7, 'hadir', NULL, '2019-08-16 08:04:25', '2019-08-16 08:04:25'),
(36, 7, 'hadir', '1565968028.jpg', '2019-08-16 08:07:08', '2019-08-16 08:07:08'),
(37, 7, 'hadir', '1565970640.jpg', '2019-08-16 08:50:40', '2019-08-16 08:50:40'),
(38, 7, 'hadir', '1565970693.jpg', '2019-08-16 08:51:33', '2019-08-16 08:51:33'),
(39, 7, 'hadir', '1565970703.jpg', '2019-08-16 08:51:43', '2019-08-16 08:51:43'),
(40, 34, 'hadir', '1566459218.jpg', '2019-08-22 00:33:38', '2019-08-22 00:33:38'),
(41, 16, 'hadir', '1566460499.jpg', '2019-08-22 00:54:59', '2019-08-22 00:54:59'),
(42, 16, 'hadir', '1566460516.jpg', '2019-08-22 00:55:16', '2019-08-22 00:55:16'),
(43, 16, 'hadir', '1566460521.jpg', '2019-08-22 00:55:21', '2019-08-22 00:55:21'),
(44, 16, 'hadir', '1566460521.jpg', '2019-08-22 00:55:21', '2019-08-22 00:55:21'),
(45, 16, 'hadir', '1566460522.jpg', '2019-08-22 00:55:22', '2019-08-22 00:55:22'),
(46, 16, 'hadir', '1566460522.jpg', '2019-08-22 00:55:22', '2019-08-22 00:55:22'),
(47, 16, 'hadir', '1566460523.jpg', '2019-08-22 00:55:23', '2019-08-22 00:55:23'),
(48, 16, 'hadir', '1566460524.jpg', '2019-08-22 00:55:24', '2019-08-22 00:55:24'),
(49, 16, 'hadir', '1566460524.jpg', '2019-08-22 00:55:24', '2019-08-22 00:55:24'),
(50, 16, 'hadir', '1566460524.jpg', '2019-08-22 00:55:24', '2019-08-22 00:55:24'),
(51, 16, 'hadir', '1566460524.jpg', '2019-08-22 00:55:24', '2019-08-22 00:55:24'),
(52, 16, 'hadir', '1566460525.jpg', '2019-08-22 00:55:25', '2019-08-22 00:55:25'),
(53, 16, 'hadir', '1566460525.jpg', '2019-08-22 00:55:25', '2019-08-22 00:55:25'),
(54, 16, 'hadir', '1566460525.jpg', '2019-08-22 00:55:25', '2019-08-22 00:55:25'),
(55, 16, 'hadir', '1566460525.jpg', '2019-08-22 00:55:25', '2019-08-22 00:55:25'),
(56, 16, 'hadir', '1566460525.jpg', '2019-08-22 00:55:25', '2019-08-22 00:55:25'),
(57, 16, 'hadir', '1566460526.jpg', '2019-08-22 00:55:26', '2019-08-22 00:55:26'),
(58, 16, 'hadir', '1566460526.jpg', '2019-08-22 00:55:26', '2019-08-22 00:55:26'),
(59, 16, 'hadir', '1566460542.jpg', '2019-08-22 00:55:42', '2019-08-22 00:55:42'),
(60, 16, 'hadir', '1566460551.jpg', '2019-08-22 00:55:51', '2019-08-22 00:55:51'),
(61, 16, 'hadir', '1566460557.jpg', '2019-08-22 00:55:57', '2019-08-22 00:55:57'),
(62, 16, 'hadir', '1566460558.jpg', '2019-08-22 00:55:58', '2019-08-22 00:55:58'),
(63, 16, 'hadir', '1566460558.jpg', '2019-08-22 00:55:58', '2019-08-22 00:55:58'),
(64, 16, 'hadir', '1566460558.jpg', '2019-08-22 00:55:58', '2019-08-22 00:55:58'),
(65, 16, 'hadir', '1566460558.jpg', '2019-08-22 00:55:58', '2019-08-22 00:55:58'),
(66, 16, 'hadir', '1566460558.jpg', '2019-08-22 00:55:58', '2019-08-22 00:55:58'),
(67, 16, 'hadir', '1566460559.jpg', '2019-08-22 00:55:59', '2019-08-22 00:55:59'),
(68, 16, 'hadir', '1566460559.jpg', '2019-08-22 00:55:59', '2019-08-22 00:55:59'),
(69, 16, 'hadir', '1566460559.jpg', '2019-08-22 00:55:59', '2019-08-22 00:55:59'),
(70, 16, 'hadir', '1566460560.jpg', '2019-08-22 00:56:00', '2019-08-22 00:56:00'),
(71, 16, 'hadir', '1566460560.jpg', '2019-08-22 00:56:00', '2019-08-22 00:56:00'),
(72, 16, 'hadir', '1566460560.jpg', '2019-08-22 00:56:00', '2019-08-22 00:56:00'),
(73, 16, 'hadir', '1566460560.jpg', '2019-08-22 00:56:00', '2019-08-22 00:56:00'),
(74, 16, 'hadir', '1566460560.jpg', '2019-08-22 00:56:00', '2019-08-22 00:56:00'),
(75, 16, 'hadir', '1566460561.jpg', '2019-08-22 00:56:01', '2019-08-22 00:56:01'),
(76, 16, 'hadir', '1566460561.jpg', '2019-08-22 00:56:01', '2019-08-22 00:56:01'),
(77, 16, 'hadir', '1566460561.jpg', '2019-08-22 00:56:01', '2019-08-22 00:56:01'),
(78, 16, 'hadir', '1566460561.jpg', '2019-08-22 00:56:01', '2019-08-22 00:56:01'),
(79, 16, 'hadir', '1566461156.jpg', '2019-08-22 01:05:56', '2019-08-22 01:05:56');

-- --------------------------------------------------------

--
-- Struktur dari tabel `roles`
--

CREATE TABLE `roles` (
  `id` int(10) UNSIGNED NOT NULL,
  `namaRule` varchar(191) COLLATE utf8mb4_unicode_ci NOT NULL
) ENGINE=InnoDB DEFAULT CHARSET=utf8mb4 COLLATE=utf8mb4_unicode_ci;

--
-- Dumping data untuk tabel `roles`
--

INSERT INTO `roles` (`id`, `namaRule`) VALUES
(1, 'user'),
(2, 'admin');

-- --------------------------------------------------------

--
-- Struktur dari tabel `users`
--

CREATE TABLE `users` (
  `id` int(10) UNSIGNED NOT NULL,
  `roles_id` int(10) UNSIGNED DEFAULT NULL,
  `nama_pegawai` varchar(191) COLLATE utf8mb4_unicode_ci NOT NULL,
  `no_hp` varchar(15) COLLATE utf8mb4_unicode_ci NOT NULL,
  `jabatan` varchar(191) COLLATE utf8mb4_unicode_ci NOT NULL,
  `email` varchar(191) COLLATE utf8mb4_unicode_ci NOT NULL,
  `api_token` varchar(255) COLLATE utf8mb4_unicode_ci DEFAULT NULL,
  `password` varchar(191) COLLATE utf8mb4_unicode_ci NOT NULL,
  `remember_token` varchar(100) COLLATE utf8mb4_unicode_ci DEFAULT NULL,
  `created_at` timestamp NULL DEFAULT NULL,
  `updated_at` timestamp NULL DEFAULT NULL
) ENGINE=InnoDB DEFAULT CHARSET=utf8mb4 COLLATE=utf8mb4_unicode_ci;

--
-- Dumping data untuk tabel `users`
--

INSERT INTO `users` (`id`, `roles_id`, `nama_pegawai`, `no_hp`, `jabatan`, `email`, `api_token`, `password`, `remember_token`, `created_at`, `updated_at`) VALUES
(6, 1, 'sutoyoooo', '213121231', 'kepaala', 'rinaldyes@programmer.net', NULL, '$2y$10$BIochVU8JMAXYThfQQMGeOPcA3JDFp/7na3ZTENJfbmzCAl8/fct.', NULL, '2019-08-02 13:27:47', '2019-08-15 08:06:43'),
(7, 2, 'rinaldy', '1234567', 'direktur', 'a@gmail.com', NULL, '$2y$10$/FBkKcjRx2jEreGbtH813ukewzyOk8rGdNnZ.251JYDFfuPHOpsj.', 'AI2YKwOJg57cCtdp8Rr61LJO9DVd4U59biZSyUZMYCNxaUF1L1nbB1EzYsVT', '2019-08-02 13:46:41', '2019-08-02 13:46:41'),
(8, 1, 'rinaldy', '000000000', 'oke', 'oke@gmail.com', NULL, '$2y$10$24BVkhOzkN6UFOVeAZVf9elXucwPzJOnqi3bAjAed1bBjRleNqh2.', 'HTy0cRe2BxXELxIcDIUP2Ub6qOVTkD5pwFYjqgGIgjuYYcJjVDuW6lruiqbd', '2019-08-02 15:14:25', '2019-08-02 15:14:25'),
(10, 1, 'joko keren', '3435453534', 'presiden', 'pres@gmail.com', NULL, '$2y$10$Qg8lc1RYvUxZk3GtVYLILeTwmlv0rGkH/ZNHXJwniS9ObMd1wFVCe', NULL, '2019-08-03 01:55:14', '2019-08-03 01:55:14'),
(11, 1, 'joko keren', '3435453534', 'presiden', 'press@gmail.com', NULL, '$2y$10$NHrvbZ8fEXNJODAdjB83seKv.PR3bS3bniWQkddEXB2gkcxnwGrba', NULL, '2019-08-03 01:55:44', '2019-08-03 01:55:44'),
(12, 1, 'mantap', '342422342', 'kasir', 'mantap@gmail.com', NULL, '$2y$10$1.yZg5qp/gkMpHhVdUWcxeVObs9Ya3qJRGzG2.wc6XSuLqppUTavK', NULL, '2019-08-03 01:58:03', '2019-08-03 01:58:03'),
(13, 1, 'dango', '3434523542', 'pembantu direktur', 'dango@gmail.com', NULL, '$2y$10$BLDqUpyE/4e5RKk50NajYuDOjmB80Fv6zwag0lazvC7vL5ZesqZWy', NULL, '2019-08-03 12:24:04', '2019-08-03 12:24:04'),
(14, 1, 'james bond', '3242423434', 'Kasir', 'bond@gmail.com', NULL, '$2y$10$9vIJiJt56psqNTYjlQ8fGeXH2Ap6mfSU2wOJuhc1tU2Rxcf1dBkJm', NULL, '2019-08-07 07:59:20', '2019-08-07 07:59:20'),
(16, 1, 'Bu Budianingsih', '00282', 'Dosen', 'budini@gmail.com', NULL, '$2y$10$Ki9vKLil657MhFzTTP3Ldub9GvFbKR3YYjIIb3DfT51F/KwLENWxa', NULL, '2019-08-07 23:52:26', '2019-08-07 23:52:26'),
(19, 1, 'nisha', '234234', 'Admin', 'nisha@gmail.com', NULL, '$2y$10$PXEOMsLeof4tpeiUwqxUSObxXr4bNw3fEMv7rUoTYFs0UTrJWjh2K', NULL, '2019-08-11 01:37:39', '2019-08-11 01:37:39'),
(29, 1, 'okee', '00000', 'Admin', 'vl@b.com', NULL, '$2y$10$W30UKxbVgSYiLP9JPClbhuHMMeJPoJxz4y8gZ56IWjL8b7FPlpYaa', NULL, '2019-08-11 02:51:30', '2019-08-11 02:51:30'),
(34, 1, 'susi', '23423424', 'Kasir', 'rinaldyes@gmail.com', NULL, '$2y$10$nlmKVhrsKXsLlZor8utWC.68M8a1BdFFTdPMLKu.n6AF/yOlyDzuG', NULL, '2019-08-11 03:41:15', '2019-08-11 03:41:15');

--
-- Indexes for dumped tables
--

--
-- Indeks untuk tabel `migrations`
--
ALTER TABLE `migrations`
  ADD PRIMARY KEY (`id`);

--
-- Indeks untuk tabel `password_resets`
--
ALTER TABLE `password_resets`
  ADD KEY `password_resets_email_index` (`email`);

--
-- Indeks untuk tabel `presensis`
--
ALTER TABLE `presensis`
  ADD PRIMARY KEY (`id`),
  ADD KEY `presensis_user_id_foreign` (`user_id`);

--
-- Indeks untuk tabel `roles`
--
ALTER TABLE `roles`
  ADD PRIMARY KEY (`id`);

--
-- Indeks untuk tabel `users`
--
ALTER TABLE `users`
  ADD PRIMARY KEY (`id`),
  ADD UNIQUE KEY `users_email_unique` (`email`),
  ADD KEY `users_roles_id_foreign` (`roles_id`);

--
-- AUTO_INCREMENT untuk tabel yang dibuang
--

--
-- AUTO_INCREMENT untuk tabel `migrations`
--
ALTER TABLE `migrations`
  MODIFY `id` int(10) UNSIGNED NOT NULL AUTO_INCREMENT, AUTO_INCREMENT=3;

--
-- AUTO_INCREMENT untuk tabel `presensis`
--
ALTER TABLE `presensis`
  MODIFY `id` int(10) UNSIGNED NOT NULL AUTO_INCREMENT, AUTO_INCREMENT=80;

--
-- AUTO_INCREMENT untuk tabel `roles`
--
ALTER TABLE `roles`
  MODIFY `id` int(10) UNSIGNED NOT NULL AUTO_INCREMENT, AUTO_INCREMENT=3;

--
-- AUTO_INCREMENT untuk tabel `users`
--
ALTER TABLE `users`
  MODIFY `id` int(10) UNSIGNED NOT NULL AUTO_INCREMENT, AUTO_INCREMENT=35;

--
-- Ketidakleluasaan untuk tabel pelimpahan (Dumped Tables)
--

--
-- Ketidakleluasaan untuk tabel `presensis`
--
ALTER TABLE `presensis`
  ADD CONSTRAINT `presensis_user_id_foreign` FOREIGN KEY (`user_id`) REFERENCES `users` (`id`) ON DELETE CASCADE ON UPDATE CASCADE;

--
-- Ketidakleluasaan untuk tabel `users`
--
ALTER TABLE `users`
  ADD CONSTRAINT `users_roles_id_foreign` FOREIGN KEY (`roles_id`) REFERENCES `roles` (`id`) ON DELETE CASCADE ON UPDATE CASCADE;
COMMIT;

/*!40101 SET CHARACTER_SET_CLIENT=@OLD_CHARACTER_SET_CLIENT */;
/*!40101 SET CHARACTER_SET_RESULTS=@OLD_CHARACTER_SET_RESULTS */;
/*!40101 SET COLLATION_CONNECTION=@OLD_COLLATION_CONNECTION */;
